ocorrencia_id,viagem_id,tipo,gravidade,custo_ocorrencia,tempo_parado_horas
1,2,Atraso por Manutenção,Baixa,932.82,2.3
2,21,Avaria,Baixa,1135.67,6.0
3,22,Atraso por Manutenção,Baixa,429.2,1.9
4,34,Atraso por Manutenção,Baixa,1445.86,4.6
5,35,Avaria,Média,1833.72,9.5
6,45,Sinistro,Baixa,842.89,5.1
7,59,Atraso por Manutenção,Média,2462.24,8.1
8,68,Atraso por Manutenção,Média,2734.15,11.6
9,75,Sinistro,Baixa,1245.99,5.3
10,88,Sinistro,Baixa,792.48,1.8
11,95,Sinistro,Média,4058.66,19.3
12,108,Avaria,Média,2411.17,6.6
13,115,Avaria,Média,5039.48,6.6
14,124,Atraso por Manutenção,Baixa,854.8,1.9
15,132,Avaria,Baixa,445.21,3.1
16,144,Sinistro,Média,3736.64,9.3
17,165,Avaria,Baixa,1125.46,5.5
18,166,Atraso por Manutenção,Alta,22396.91,31.1
19,171,Avaria,Alta,6950.92,53.5
20,181,Atraso por Manutenção,Média,2946.44,17.9
21,208,Avaria,Baixa,729.29,6.0
22,210,Atraso por Manutenção,Baixa,1214.73,3.3
23,211,Avaria,Baixa,1447.65,4.5
24,212,Avaria,Baixa,1079.09,1.5
25,213,Avaria,Média,4177.1,17.4
26,219,Avaria,Média,3475.0,10.0
27,226,Avaria,Alta,16620.05,78.8
28,239,Sinistro,Baixa,898.75,5.5
29,242,Avaria,Baixa,1490.62,3.1
30,244,Atraso por Manutenção,Baixa,823.12,3.5
31,253,Avaria,Baixa,1369.92,5.2
32,265,Avaria,Média,1576.45,11.3
33,269,Sinistro,Baixa,363.42,4.6
34,293,Avaria,Média,4982.03,21.3
35,303,Atraso por Manutenção,Média,1812.97,11.6
36,337,Avaria,Alta,20989.35,39.9
37,340,Atraso por Manutenção,Baixa,446.72,2.9
38,355,Atraso por Manutenção,Baixa,1106.43,4.1
39,360,Avaria,Alta,20209.84,88.7
40,381,Avaria,Baixa,1024.41,4.3
41,382,Sinistro,Alta,17290.94,56.0
42,384,Atraso por Manutenção,Alta,7124.33,69.3
43,386,Avaria,Baixa,962.16,5.8
44,404,Avaria,Alta,15051.08,50.6
45,405,Sinistro,Baixa,355.38,4.0
46,409,Avaria,Baixa,591.86,1.4
47,419,Sinistro,Baixa,1084.23,2.2
48,428,Avaria,Média,1866.51,13.3
49,444,Avaria,Baixa,1365.56,1.3
50,447,Avaria,Média,3753.68,22.2
51,464,Atraso por Manutenção,Baixa,704.73,4.2
52,467,Avaria,Baixa,1219.64,4.9
53,486,Avaria,Média,1884.84,21.9
54,499,Sinistro,Alta,21649.33,54.2
55,516,Avaria,Baixa,1349.18,1.5
56,555,Sinistro,Baixa,1437.98,3.5
57,556,Sinistro,Baixa,626.05,3.0
58,624,Atraso por Manutenção,Baixa,456.11,3.6
59,626,Avaria,Média,1729.01,16.4
60,628,Avaria,Baixa,664.63,4.5
61,659,Atraso por Manutenção,Média,3753.38,7.0
62,666,Atraso por Manutenção,Média,3222.65,22.5
63,668,Atraso por Manutenção,Baixa,1300.31,5.5
64,670,Avaria,Baixa,1096.15,1.9
65,671,Atraso por Manutenção,Baixa,1091.89,2.0
66,700,Atraso por Manutenção,Baixa,1481.98,4.9
67,703,Avaria,Baixa,1360.09,2.6
68,708,Avaria,Baixa,912.11,3.2
69,710,Atraso por Manutenção,Baixa,1351.76,4.5
70,711,Atraso por Manutenção,Baixa,749.55,2.6
71,716,Avaria,Baixa,576.78,4.0
72,717,Atraso por Manutenção,Alta,10732.57,24.4
73,735,Avaria,Média,5428.29,10.4
74,756,Sinistro,Média,3876.79,12.0
75,758,Sinistro,Baixa,663.81,5.9
76,760,Atraso por Manutenção,Baixa,375.67,2.0
77,818,Atraso por Manutenção,Alta,15190.24,28.7
78,824,Atraso por Manutenção,Baixa,897.57,5.6
79,832,Avaria,Baixa,414.54,5.2
80,841,Avaria,Baixa,636.81,4.5
81,853,Sinistro,Baixa,1301.79,3.4
82,870,Avaria,Baixa,766.73,6.0
83,871,Avaria,Baixa,527.59,3.5
84,877,Atraso por Manutenção,Média,4515.83,10.4
85,897,Avaria,Média,1831.77,12.1
86,898,Avaria,Média,4220.03,6.9
87,921,Avaria,Média,1764.19,14.0
88,924,Avaria,Média,5354.26,20.5
89,925,Sinistro,Alta,14549.68,40.0
90,949,Avaria,Alta,8500.36,78.9
91,951,Avaria,Baixa,274.51,4.4
92,956,Avaria,Média,5505.29,10.2
93,959,Atraso por Manutenção,Baixa,1008.76,1.6
94,972,Avaria,Baixa,412.76,4.7
95,1010,Sinistro,Média,4690.57,16.0
96,1021,Avaria,Alta,18234.17,59.3
97,1034,Sinistro,Baixa,1206.75,4.8
98,1040,Atraso por Manutenção,Média,2844.8,8.3
99,1052,Avaria,Média,3443.75,19.7
100,1065,Sinistro,Média,2301.43,7.5
101,1069,Atraso por Manutenção,Baixa,1099.55,1.4
102,1110,Avaria,Baixa,776.89,5.4
103,1138,Avaria,Média,5476.11,6.9
104,1144,Avaria,Alta,15231.5,39.8
105,1146,Sinistro,Baixa,1165.37,3.6
106,1150,Avaria,Média,3596.29,10.6
107,1161,Avaria,Baixa,1085.95,3.6
108,1163,Avaria,Baixa,1171.7,3.0
109,1169,Sinistro,Baixa,953.66,2.1
110,1170,Avaria,Baixa,617.85,4.1
111,1173,Avaria,Baixa,856.21,3.9
112,1180,Avaria,Baixa,1125.07,3.1
113,1193,Atraso por Manutenção,Média,5713.0,15.1
114,1196,Sinistro,Alta,17695.45,72.9
115,1203,Avaria,Baixa,1368.91,1.3
116,1207,Avaria,Média,4003.26,9.6
117,1213,Sinistro,Baixa,264.23,1.0
118,1227,Sinistro,Média,5096.26,10.2
119,1234,Avaria,Baixa,1020.83,2.5
120,1238,Atraso por Manutenção,Média,4263.65,10.0
121,1269,Atraso por Manutenção,Média,3793.07,9.4
122,1272,Avaria,Baixa,699.52,1.0
123,1279,Avaria,Baixa,347.32,2.6
124,1282,Atraso por Manutenção,Baixa,665.2,3.4
125,1288,Avaria,Baixa,361.73,1.7
126,1294,Atraso por Manutenção,Baixa,1320.76,2.6
127,1296,Avaria,Média,5358.65,20.6
128,1326,Avaria,Baixa,1034.6,5.3
129,1327,Avaria,Baixa,638.17,2.7
130,1329,Sinistro,Média,3260.29,8.5
131,1359,Sinistro,Baixa,716.01,2.9
132,1363,Atraso por Manutenção,Baixa,340.23,3.9
133,1373,Atraso por Manutenção,Média,4763.1,12.1
134,1375,Atraso por Manutenção,Média,3203.07,18.1
135,1391,Sinistro,Baixa,553.07,2.6
136,1395,Avaria,Média,5795.07,9.1
137,1396,Avaria,Baixa,1416.48,3.8
138,1401,Avaria,Baixa,771.17,5.1
139,1428,Avaria,Média,2672.49,21.6
140,1442,Atraso por Manutenção,Baixa,1209.3,3.6
141,1444,Atraso por Manutenção,Baixa,583.02,4.5
142,1446,Atraso por Manutenção,Baixa,752.32,2.4
143,1454,Sinistro,Média,3894.43,16.1
144,1462,Atraso por Manutenção,Baixa,1438.18,1.2
145,1477,Avaria,Baixa,551.91,4.7
146,1478,Avaria,Alta,13589.44,75.4
147,1495,Avaria,Alta,19777.14,88.4
148,1496,Atraso por Manutenção,Baixa,1096.1,4.5
149,1523,Avaria,Média,1574.49,17.5
150,1524,Atraso por Manutenção,Baixa,1025.71,3.8
151,1525,Atraso por Manutenção,Baixa,946.94,5.4
152,1548,Avaria,Média,5689.34,11.1
153,1561,Atraso por Manutenção,Baixa,1294.12,1.9
154,1563,Atraso por Manutenção,Baixa,1195.07,3.0
155,1568,Avaria,Baixa,404.35,3.0
156,1570,Atraso por Manutenção,Alta,14146.51,43.5
157,1573,Avaria,Baixa,765.13,5.6
158,1581,Atraso por Manutenção,Média,3220.19,15.0
159,1583,Atraso por Manutenção,Alta,13938.3,41.0
160,1584,Atraso por Manutenção,Baixa,536.45,3.0
161,1598,Avaria,Média,3827.27,6.2
162,1621,Sinistro,Baixa,1139.42,1.9
163,1636,Sinistro,Média,2480.74,18.7
164,1646,Sinistro,Baixa,1153.62,5.0
165,1687,Sinistro,Média,4847.49,17.9
166,1690,Avaria,Baixa,717.69,5.3
167,1719,Atraso por Manutenção,Alta,18307.47,79.2
168,1749,Avaria,Baixa,370.2,3.6
169,1757,Avaria,Baixa,786.75,5.5
170,1769,Sinistro,Média,4340.5,13.0
171,1771,Avaria,Baixa,384.77,3.9
172,1787,Avaria,Média,5993.79,23.0
173,1824,Avaria,Alta,9577.23,53.1
174,1827,Avaria,Média,2987.27,7.4
175,1830,Avaria,Baixa,1080.58,1.4
176,1836,Avaria,Alta,23931.62,89.3
177,1852,Avaria,Baixa,344.45,2.8
178,1854,Avaria,Alta,17674.72,75.2
179,1874,Atraso por Manutenção,Média,4611.74,21.8
180,1893,Avaria,Média,4545.32,9.7
181,1898,Avaria,Baixa,1435.76,2.3
182,1905,Avaria,Baixa,1185.74,5.0
183,1927,Avaria,Baixa,629.61,1.1
184,1932,Atraso por Manutenção,Baixa,406.87,2.2
185,1934,Sinistro,Média,4643.73,6.3
186,1935,Avaria,Média,2871.23,20.5
187,1939,Atraso por Manutenção,Média,4985.08,23.4
188,1975,Avaria,Média,4997.82,11.4
189,1991,Atraso por Manutenção,Baixa,1401.26,2.8
190,1992,Avaria,Baixa,775.11,2.2
191,1994,Avaria,Alta,24991.96,36.0
192,1997,Avaria,Média,5743.58,6.6
193,2001,Atraso por Manutenção,Média,5160.63,19.3
194,2016,Atraso por Manutenção,Média,5237.93,21.8
195,2050,Avaria,Média,3217.86,23.2
196,2051,Atraso por Manutenção,Baixa,1292.42,2.7
197,2063,Avaria,Baixa,1160.4,5.2
198,2076,Atraso por Manutenção,Média,5510.13,23.0
199,2093,Avaria,Alta,15340.36,29.7
200,2094,Atraso por Manutenção,Média,4895.06,17.5
201,2099,Avaria,Média,3914.04,19.8
202,2130,Avaria,Baixa,1011.16,5.5
203,2147,Avaria,Média,2346.96,23.9
204,2151,Atraso por Manutenção,Baixa,629.19,2.4
205,2184,Avaria,Baixa,1226.54,6.0
206,2185,Sinistro,Baixa,1079.27,5.1
207,2189,Avaria,Alta,15909.04,46.2
208,2230,Avaria,Baixa,534.1,4.9
209,2245,Avaria,Média,4157.0,8.7
210,2262,Avaria,Média,5328.6,12.1
211,2267,Atraso por Manutenção,Média,1672.32,19.6
212,2271,Avaria,Baixa,796.01,3.8
213,2278,Atraso por Manutenção,Baixa,989.95,1.7
214,2280,Avaria,Baixa,430.92,4.3
215,2289,Atraso por Manutenção,Média,3314.37,14.1
216,2293,Avaria,Baixa,442.28,3.1
217,2323,Avaria,Baixa,527.96,3.6
218,2332,Avaria,Baixa,1086.31,5.4
219,2335,Avaria,Baixa,1326.36,2.2
220,2360,Atraso por Manutenção,Média,5018.86,23.4
221,2371,Sinistro,Baixa,1422.28,2.6
222,2403,Avaria,Baixa,606.76,1.5
223,2404,Avaria,Média,5153.64,12.6
224,2418,Avaria,Alta,9600.73,42.7
225,2447,Atraso por Manutenção,Média,3556.96,22.8
226,2449,Atraso por Manutenção,Média,4691.06,23.3
227,2466,Avaria,Baixa,773.76,4.3
228,2467,Avaria,Baixa,233.17,3.1
229,2472,Avaria,Baixa,501.66,2.3
230,2473,Atraso por Manutenção,Baixa,1132.66,2.5
231,2491,Avaria,Baixa,419.68,2.3
232,2500,Atraso por Manutenção,Média,2636.86,10.9
233,2503,Atraso por Manutenção,Baixa,1024.08,1.9
234,2524,Avaria,Média,4947.64,13.3
235,2525,Sinistro,Baixa,809.42,5.7
236,2527,Avaria,Baixa,303.99,1.5
237,2529,Sinistro,Média,3811.11,19.9
238,2530,Atraso por Manutenção,Média,1907.32,17.2
239,2549,Avaria,Baixa,937.63,5.6
240,2551,Atraso por Manutenção,Baixa,1047.81,1.8
241,2556,Atraso por Manutenção,Média,5243.7,14.1
242,2563,Avaria,Média,3821.67,7.3
243,2565,Atraso por Manutenção,Média,1965.57,18.9
244,2598,Avaria,Baixa,1326.2,4.7
245,2604,Sinistro,Média,2072.56,12.7
246,2612,Avaria,Média,4169.27,12.9
247,2629,Avaria,Média,2477.08,23.1
248,2631,Sinistro,Média,3106.77,6.1
249,2633,Avaria,Média,3464.38,9.8
250,2637,Atraso por Manutenção,Alta,15798.34,45.4
251,2662,Avaria,Baixa,587.95,2.3
252,2663,Avaria,Baixa,849.46,4.2
253,2666,Avaria,Alta,22384.51,54.0
254,2688,Atraso por Manutenção,Alta,14872.69,81.3
255,2703,Avaria,Média,5546.98,9.3
256,2707,Atraso por Manutenção,Alta,18951.19,30.5
257,2710,Atraso por Manutenção,Baixa,274.47,4.7
258,2714,Sinistro,Média,3501.15,13.9
259,2717,Atraso por Manutenção,Baixa,1000.39,1.7
260,2729,Atraso por Manutenção,Baixa,499.53,4.6
261,2733,Avaria,Baixa,1358.23,3.2
262,2736,Avaria,Alta,7479.9,84.8
263,2737,Avaria,Média,2601.26,12.1
264,2741,Avaria,Baixa,643.13,2.7
265,2743,Avaria,Média,3003.48,18.1
266,2759,Avaria,Média,3802.29,12.7
267,2832,Avaria,Alta,13612.72,65.4
268,2850,Sinistro,Alta,19509.77,73.0
269,2856,Avaria,Alta,21568.51,44.9
270,2864,Avaria,Baixa,1083.61,4.0
271,2865,Avaria,Baixa,1278.91,1.6
272,2869,Avaria,Média,4066.03,13.1
273,2875,Avaria,Baixa,1295.08,4.0
274,2887,Avaria,Média,5173.56,14.8
275,2889,Avaria,Baixa,1337.8,5.9
276,2891,Avaria,Média,2657.3,19.9
277,2892,Avaria,Baixa,1230.7,4.0
278,2909,Atraso por Manutenção,Baixa,1129.59,2.7
279,2931,Atraso por Manutenção,Baixa,995.33,2.5
280,2934,Avaria,Baixa,1479.73,2.5
281,2937,Avaria,Baixa,1323.76,2.4
282,2943,Atraso por Manutenção,Alta,16495.95,35.9
283,2944,Atraso por Manutenção,Baixa,1381.34,6.0
284,2961,Avaria,Média,2694.65,15.8
285,3015,Avaria,Baixa,450.47,1.1
286,3018,Avaria,Média,2208.32,8.5
287,3022,Atraso por Manutenção,Baixa,271.02,2.5
288,3027,Atraso por Manutenção,Baixa,335.94,1.7
289,3028,Avaria,Alta,6805.74,94.3
290,3030,Atraso por Manutenção,Média,4911.35,23.1
291,3042,Sinistro,Média,2763.85,6.6
292,3061,Avaria,Média,4764.64,16.1
293,3068,Avaria,Média,4994.05,21.8
294,3083,Avaria,Baixa,1334.45,5.5
295,3085,Atraso por Manutenção,Baixa,1158.88,2.0
296,3105,Avaria,Média,1978.08,22.5
297,3113,Avaria,Baixa,1336.68,5.9
298,3136,Avaria,Baixa,868.51,2.3
299,3138,Sinistro,Baixa,1265.82,1.7
300,3141,Sinistro,Média,3868.36,20.6
301,3150,Sinistro,Baixa,559.55,5.2
302,3166,Atraso por Manutenção,Baixa,980.58,4.1
303,3172,Avaria,Baixa,1277.8,3.5
304,3191,Avaria,Baixa,587.54,2.9
305,3207,Atraso por Manutenção,Baixa,1382.11,5.3
306,3212,Sinistro,Média,3726.02,6.4
307,3214,Avaria,Média,4866.07,13.3
308,3218,Avaria,Média,1856.67,15.2
309,3222,Avaria,Média,2389.71,20.3
310,3223,Avaria,Baixa,638.93,1.7
311,3254,Avaria,Média,4377.39,9.7
312,3271,Avaria,Baixa,278.29,2.7
313,3274,Avaria,Alta,11765.26,30.3
314,3278,Sinistro,Alta,11334.68,81.0
315,3282,Sinistro,Baixa,352.4,5.2
316,3289,Avaria,Média,2405.42,18.2
317,3326,Avaria,Alta,12432.68,40.3
318,3336,Atraso por Manutenção,Média,2252.2,15.3
319,3350,Avaria,Média,5694.18,7.2
320,3352,Atraso por Manutenção,Alta,10796.41,66.6
321,3366,Sinistro,Baixa,384.53,5.1
322,3370,Atraso por Manutenção,Baixa,1475.18,2.7
323,3372,Avaria,Alta,22507.26,79.3
324,3383,Avaria,Média,2595.53,6.4
325,3442,Atraso por Manutenção,Baixa,1195.54,1.9
326,3452,Atraso por Manutenção,Média,2592.67,8.4
327,3456,Atraso por Manutenção,Baixa,1283.44,1.9
328,3459,Avaria,Alta,7064.07,72.3
329,3490,Avaria,Baixa,456.91,4.6
330,3497,Avaria,Alta,7022.37,48.4
331,3502,Atraso por Manutenção,Baixa,505.81,5.9
332,3508,Avaria,Baixa,1120.48,5.7
333,3527,Atraso por Manutenção,Alta,14423.27,86.8
334,3551,Sinistro,Baixa,222.07,2.9
335,3561,Avaria,Média,3474.73,7.8
336,3572,Atraso por Manutenção,Baixa,1388.54,3.6
337,3578,Atraso por Manutenção,Baixa,1106.08,5.3
338,3579,Atraso por Manutenção,Alta,8604.88,53.5
339,3583,Avaria,Média,4372.53,21.3
340,3585,Atraso por Manutenção,Baixa,921.99,3.2
341,3610,Avaria,Média,5066.05,9.2
342,3614,Atraso por Manutenção,Baixa,249.12,2.2
343,3615,Atraso por Manutenção,Média,5020.97,17.5
344,3669,Atraso por Manutenção,Baixa,347.81,2.6
345,3671,Avaria,Baixa,529.06,3.4
346,3672,Atraso por Manutenção,Baixa,520.96,2.8
347,3677,Avaria,Baixa,965.06,3.6
348,3716,Atraso por Manutenção,Baixa,395.28,2.6
349,3738,Atraso por Manutenção,Alta,11134.18,64.9
350,3749,Avaria,Média,3098.19,15.4
351,3765,Avaria,Alta,15538.03,93.1
352,3774,Avaria,Alta,9664.84,88.2
353,3784,Sinistro,Alta,14811.96,58.5
354,3794,Atraso por Manutenção,Baixa,1128.17,3.3
355,3829,Avaria,Alta,7415.45,30.3
356,3851,Avaria,Alta,8034.93,74.0
357,3884,Avaria,Baixa,559.64,4.7
358,3889,Avaria,Média,5501.77,11.9
359,3894,Avaria,Média,2766.33,20.6
360,3909,Atraso por Manutenção,Baixa,248.02,2.6
361,3921,Sinistro,Baixa,990.04,3.0
362,3941,Avaria,Baixa,754.44,1.8
363,3945,Avaria,Baixa,1316.94,2.3
364,3963,Avaria,Alta,13490.43,54.4
365,3965,Sinistro,Alta,10179.83,90.9
366,3982,Atraso por Manutenção,Baixa,989.12,5.8
367,3992,Avaria,Alta,20602.13,68.2
368,3995,Atraso por Manutenção,Alta,6991.48,54.0
369,4012,Atraso por Manutenção,Baixa,474.09,1.9
370,4032,Avaria,Baixa,1173.14,4.2
371,4040,Avaria,Baixa,750.89,2.4
372,4046,Atraso por Manutenção,Baixa,585.69,4.8
373,4052,Atraso por Manutenção,Média,4663.81,8.0
374,4053,Avaria,Média,3367.68,10.3
375,4060,Sinistro,Média,2330.95,20.6
376,4064,Avaria,Baixa,706.59,4.6
377,4073,Avaria,Baixa,1038.97,4.9
378,4074,Avaria,Baixa,514.95,5.7
379,4075,Avaria,Média,4044.17,15.5
380,4081,Atraso por Manutenção,Média,4735.8,17.5
381,4094,Avaria,Média,2382.01,11.7
382,4102,Atraso por Manutenção,Média,1953.17,19.3
383,4110,Atraso por Manutenção,Média,5311.32,13.1
384,4126,Avaria,Baixa,641.77,3.4
385,4136,Sinistro,Baixa,1369.83,3.0
386,4159,Avaria,Baixa,229.91,1.8
387,4163,Atraso por Manutenção,Baixa,540.87,5.0
388,4172,Avaria,Baixa,574.11,1.6
389,4175,Atraso por Manutenção,Média,1939.41,11.9
390,4176,Avaria,Média,1683.81,9.3
391,4183,Atraso por Manutenção,Baixa,359.79,4.8
392,4187,Atraso por Manutenção,Alta,24826.33,54.0
393,4201,Avaria,Baixa,280.49,4.9
394,4217,Avaria,Média,3314.65,23.8
395,4232,Avaria,Média,2632.94,18.9
396,4257,Avaria,Baixa,1027.99,1.7
397,4274,Atraso por Manutenção,Média,4862.46,16.9
398,4282,Avaria,Média,5369.92,23.2
399,4283,Avaria,Baixa,913.84,5.3
400,4284,Atraso por Manutenção,Média,2869.74,9.3
401,4315,Sinistro,Baixa,439.22,1.7
402,4352,Avaria,Média,2263.11,10.0
403,4376,Avaria,Média,3441.34,14.3
404,4377,Atraso por Manutenção,Alta,14599.6,94.1
405,4383,Sinistro,Baixa,954.36,4.8
406,4403,Avaria,Alta,12519.41,83.1
407,4407,Avaria,Baixa,1025.9,1.5
408,4412,Atraso por Manutenção,Baixa,1300.13,3.6
409,4419,Atraso por Manutenção,Alta,17573.41,88.1
410,4429,Avaria,Média,4596.87,19.0
411,4440,Avaria,Média,4008.46,11.3
412,4442,Avaria,Baixa,298.03,4.6
413,4446,Avaria,Média,1641.86,19.8
414,4453,Avaria,Baixa,384.2,1.7
415,4458,Atraso por Manutenção,Média,2498.27,15.2
416,4467,Avaria,Baixa,1246.45,1.5
417,4484,Sinistro,Média,4633.9,16.6
418,4495,Sinistro,Baixa,1417.04,1.3
419,4505,Sinistro,Baixa,329.08,4.8
420,4508,Sinistro,Baixa,412.06,3.6
421,4511,Atraso por Manutenção,Baixa,959.39,5.6
422,4524,Avaria,Média,5067.17,6.8
423,4525,Sinistro,Baixa,739.02,5.3
424,4531,Atraso por Manutenção,Baixa,693.75,3.6
425,4532,Atraso por Manutenção,Baixa,1094.86,3.4
426,4536,Sinistro,Alta,23751.99,32.1
427,4564,Atraso por Manutenção,Média,1617.45,22.6
428,4571,Atraso por Manutenção,Baixa,321.83,1.4
429,4573,Avaria,Baixa,470.32,4.6
430,4575,Avaria,Baixa,1474.1,1.7
431,4579,Avaria,Baixa,847.85,4.2
432,4585,Atraso por Manutenção,Alta,8316.76,79.7
433,4593,Sinistro,Baixa,726.08,1.4
434,4615,Atraso por Manutenção,Baixa,1369.47,2.0
435,4622,Avaria,Baixa,966.09,4.2
436,4626,Avaria,Alta,6279.38,31.7
437,4629,Sinistro,Baixa,293.06,5.6
438,4636,Avaria,Baixa,608.6,5.7
439,4651,Avaria,Média,5706.58,22.7
440,4657,Atraso por Manutenção,Baixa,826.58,1.4
441,4664,Avaria,Média,2358.86,11.9
442,4680,Avaria,Média,2032.48,18.6
443,4689,Atraso por Manutenção,Baixa,221.06,4.4
444,4692,Atraso por Manutenção,Média,2589.62,21.9
445,4698,Atraso por Manutenção,Média,5888.63,8.2
446,4702,Avaria,Baixa,1299.48,5.6
447,4711,Avaria,Média,5228.29,6.0
448,4717,Sinistro,Média,4423.9,15.8
449,4722,Avaria,Alta,21899.62,92.0
450,4726,Atraso por Manutenção,Baixa,1306.87,2.9
451,4729,Avaria,Alta,16406.19,67.1
452,4732,Sinistro,Média,4381.97,7.8
453,4733,Atraso por Manutenção,Alta,23817.1,41.3
454,4749,Atraso por Manutenção,Baixa,1215.29,3.1
455,4759,Avaria,Média,5597.99,6.5
456,4767,Avaria,Média,4301.1,9.4
457,4770,Avaria,Alta,7479.43,30.1
458,4771,Avaria,Média,5609.47,10.2
459,4794,Sinistro,Baixa,1370.69,3.5
460,4805,Avaria,Baixa,1371.83,2.5
461,4812,Avaria,Baixa,256.47,3.4
462,4822,Atraso por Manutenção,Baixa,581.05,5.7
463,4824,Avaria,Média,4336.46,21.3
464,4832,Avaria,Média,5665.36,23.9
465,4851,Avaria,Média,2794.93,10.9
466,4854,Avaria,Média,3894.2,15.4
467,4862,Avaria,Média,2243.72,11.3
468,4877,Avaria,Média,4743.68,20.2
469,4888,Sinistro,Baixa,211.27,5.2
470,4892,Atraso por Manutenção,Baixa,1070.94,5.3
471,4894,Sinistro,Alta,21941.62,65.2
472,4896,Atraso por Manutenção,Alta,10710.39,65.8
473,4901,Atraso por Manutenção,Alta,20468.93,49.1
474,4920,Avaria,Baixa,1376.57,1.2
475,4924,Atraso por Manutenção,Baixa,982.69,5.3
476,4926,Avaria,Baixa,317.46,4.1
477,4928,Avaria,Baixa,862.66,4.8
478,4945,Avaria,Baixa,816.66,1.1
479,4971,Avaria,Baixa,656.78,2.4
480,4979,Avaria,Baixa,472.12,2.0
481,4987,Avaria,Alta,7200.87,39.4
482,5003,Atraso por Manutenção,Média,4104.11,20.5
483,5015,Atraso por Manutenção,Baixa,1407.34,2.1
484,5039,Avaria,Média,5229.56,21.9
485,5063,Atraso por Manutenção,Média,4918.14,16.3
486,5072,Atraso por Manutenção,Média,5813.67,16.6
487,5079,Atraso por Manutenção,Baixa,735.88,5.3
488,5095,Avaria,Baixa,940.74,3.8
489,5102,Atraso por Manutenção,Média,4640.39,14.2
490,5105,Atraso por Manutenção,Baixa,1426.49,4.8
491,5107,Avaria,Média,5879.7,20.5
492,5112,Atraso por Manutenção,Baixa,863.54,3.8
493,5117,Avaria,Baixa,276.28,4.2
494,5130,Atraso por Manutenção,Média,3497.38,19.3
495,5160,Avaria,Alta,24628.44,41.2
496,5164,Atraso por Manutenção,Baixa,202.31,4.4
497,5181,Atraso por Manutenção,Baixa,1408.25,5.4
498,5188,Atraso por Manutenção,Baixa,469.41,5.8
499,5190,Atraso por Manutenção,Baixa,448.75,3.5
500,5195,Avaria,Alta,23315.31,78.7
501,5196,Sinistro,Alta,15799.83,94.4
502,5202,Avaria,Baixa,1261.35,3.8
503,5212,Avaria,Média,5458.46,14.6
504,5230,Sinistro,Média,4169.07,16.0
505,5234,Avaria,Baixa,1050.81,2.9
506,5255,Avaria,Alta,14143.4,80.3
507,5276,Atraso por Manutenção,Baixa,396.53,1.4
508,5292,Avaria,Baixa,273.23,3.6
509,5297,Avaria,Baixa,1249.07,3.7
510,5303,Atraso por Manutenção,Alta,8894.43,28.2
511,5306,Atraso por Manutenção,Média,2094.89,20.9
512,5307,Atraso por Manutenção,Baixa,346.16,4.3
513,5320,Avaria,Baixa,1186.7,1.1
514,5322,Avaria,Baixa,307.49,4.3
515,5328,Atraso por Manutenção,Média,4147.97,12.8
516,5343,Avaria,Baixa,895.63,5.2
517,5355,Avaria,Média,5299.08,6.4
518,5367,Avaria,Baixa,1073.44,3.8
519,5379,Avaria,Baixa,799.59,1.2
520,5380,Avaria,Média,4570.22,7.3
521,5383,Avaria,Alta,18939.88,45.8
522,5390,Avaria,Média,4672.44,6.9
523,5405,Sinistro,Baixa,1043.64,5.8
524,5420,Avaria,Alta,7902.98,73.6
525,5440,Avaria,Baixa,885.6,4.6
526,5442,Sinistro,Baixa,407.26,2.4
527,5444,Atraso por Manutenção,Baixa,1214.4,3.3
528,5457,Atraso por Manutenção,Baixa,715.46,4.0
529,5466,Atraso por Manutenção,Alta,20704.97,40.0
530,5471,Atraso por Manutenção,Baixa,1112.47,5.7
531,5494,Sinistro,Baixa,896.49,5.8
532,5498,Avaria,Média,2034.05,17.7
533,5501,Atraso por Manutenção,Baixa,1183.31,2.4
534,5515,Atraso por Manutenção,Média,5279.47,11.9
535,5527,Atraso por Manutenção,Alta,20021.62,31.2
536,5539,Atraso por Manutenção,Média,4446.44,9.8
537,5547,Avaria,Média,1706.16,23.3
538,5551,Avaria,Baixa,485.35,1.2
539,5586,Avaria,Alta,14093.28,64.3
540,5599,Atraso por Manutenção,Média,1739.16,11.1
541,5600,Avaria,Baixa,1287.76,2.5
542,5620,Sinistro,Média,2115.91,11.4
543,5621,Atraso por Manutenção,Baixa,924.26,5.3
544,5631,Avaria,Baixa,340.67,1.5
545,5649,Avaria,Baixa,598.95,4.0
546,5655,Avaria,Baixa,1474.72,4.5
547,5662,Atraso por Manutenção,Baixa,1220.1,5.1
548,5670,Atraso por Manutenção,Média,3676.97,15.5
549,5676,Avaria,Baixa,712.06,1.9
550,5679,Atraso por Manutenção,Baixa,537.39,3.4
551,5699,Avaria,Baixa,1430.78,4.2
552,5710,Atraso por Manutenção,Média,3965.29,11.5
553,5733,Avaria,Baixa,623.25,5.5
554,5744,Atraso por Manutenção,Alta,21142.37,58.4
555,5745,Sinistro,Média,4197.61,22.7
556,5796,Avaria,Média,2471.16,20.2
557,5810,Atraso por Manutenção,Alta,14643.41,44.1
558,5817,Atraso por Manutenção,Média,4677.05,8.7
559,5819,Avaria,Baixa,1140.44,3.8
560,5852,Avaria,Média,2482.84,23.2
561,5875,Sinistro,Alta,8085.71,41.8
562,5876,Sinistro,Baixa,424.21,4.7
563,5909,Avaria,Baixa,330.8,3.5
564,5916,Avaria,Baixa,1446.86,2.0
565,5920,Atraso por Manutenção,Baixa,464.14,3.3
566,5924,Avaria,Baixa,1422.85,5.6
567,5932,Avaria,Alta,9918.5,79.2
568,5947,Atraso por Manutenção,Alta,16981.91,64.8
569,5978,Avaria,Baixa,561.62,2.4
570,5995,Atraso por Manutenção,Baixa,854.4,1.7
571,6002,Sinistro,Média,5297.41,16.3
572,6015,Atraso por Manutenção,Média,3429.85,21.5
573,6040,Atraso por Manutenção,Baixa,605.3,4.6
574,6052,Atraso por Manutenção,Média,3097.58,19.1
575,6058,Atraso por Manutenção,Baixa,458.36,4.6
576,6114,Avaria,Baixa,327.45,3.9
577,6148,Avaria,Baixa,654.67,1.5
578,6160,Sinistro,Alta,22241.71,69.5
579,6196,Atraso por Manutenção,Baixa,1102.45,4.0
580,6203,Avaria,Alta,10853.9,30.1
581,6211,Avaria,Baixa,771.19,1.9
582,6218,Avaria,Baixa,1344.53,4.0
583,6223,Avaria,Baixa,621.8,3.6
584,6226,Avaria,Baixa,1337.79,4.0
585,6227,Avaria,Baixa,1123.84,5.2
586,6241,Atraso por Manutenção,Baixa,1031.92,2.1
587,6259,Atraso por Manutenção,Baixa,443.08,5.3
588,6262,Avaria,Baixa,675.11,4.3
589,6268,Atraso por Manutenção,Baixa,1054.63,5.1
590,6270,Avaria,Média,3937.54,22.6
591,6280,Avaria,Média,4302.53,22.6
592,6293,Atraso por Manutenção,Baixa,762.1,3.5
593,6299,Atraso por Manutenção,Baixa,223.47,2.0
594,6308,Avaria,Baixa,503.47,1.2
595,6310,Avaria,Baixa,1459.91,1.3
596,6319,Atraso por Manutenção,Baixa,433.52,4.4
597,6341,Atraso por Manutenção,Média,2454.27,23.2
598,6354,Avaria,Baixa,722.71,5.9
599,6355,Sinistro,Média,3826.63,10.0
600,6368,Avaria,Alta,16164.57,40.3
601,6395,Avaria,Baixa,1449.8,2.0
602,6398,Atraso por Manutenção,Alta,15291.3,32.9
603,6407,Atraso por Manutenção,Média,3281.59,21.6
604,6411,Atraso por Manutenção,Alta,24155.18,59.6
605,6418,Atraso por Manutenção,Média,4222.82,18.5
606,6426,Atraso por Manutenção,Baixa,1154.16,4.9
607,6445,Atraso por Manutenção,Baixa,1169.89,1.2
608,6448,Sinistro,Alta,20149.65,38.6
609,6454,Atraso por Manutenção,Baixa,1434.4,2.9
610,6465,Avaria,Baixa,1350.15,3.3
611,6469,Sinistro,Baixa,876.39,1.1
612,6481,Avaria,Baixa,598.56,2.3
613,6495,Avaria,Média,5583.65,20.2
614,6541,Avaria,Baixa,554.4,4.2
615,6569,Avaria,Média,1971.71,19.9
616,6594,Sinistro,Baixa,1049.37,4.8
617,6597,Sinistro,Baixa,854.99,5.6
618,6617,Sinistro,Baixa,253.76,3.3
619,6642,Avaria,Baixa,1156.65,2.1
620,6667,Atraso por Manutenção,Baixa,1000.28,5.5
621,6668,Atraso por Manutenção,Média,3396.84,14.7
622,6672,Atraso por Manutenção,Baixa,1300.23,5.8
623,6738,Atraso por Manutenção,Alta,24730.56,53.4
624,6764,Atraso por Manutenção,Baixa,1275.87,1.8
625,6767,Avaria,Média,5231.88,22.0
626,6775,Avaria,Alta,23950.81,36.1
627,6781,Sinistro,Média,3563.99,11.3
628,6791,Atraso por Manutenção,Média,2164.49,21.7
629,6817,Avaria,Baixa,736.6,2.9
630,6819,Atraso por Manutenção,Média,4320.96,13.3
631,6820,Atraso por Manutenção,Baixa,870.96,4.0
632,6844,Avaria,Baixa,737.76,2.2
633,6860,Avaria,Média,2049.1,14.2
634,6868,Avaria,Baixa,1180.19,3.1
635,6880,Sinistro,Baixa,461.03,4.2
636,6891,Atraso por Manutenção,Baixa,1213.79,5.7
637,6894,Atraso por Manutenção,Baixa,1012.08,5.9
638,6896,Avaria,Baixa,1351.63,5.0
639,6908,Atraso por Manutenção,Alta,16164.91,73.3
640,6916,Sinistro,Média,3832.55,19.5
641,6926,Sinistro,Baixa,835.04,4.9
642,6931,Avaria,Alta,23508.56,92.8
643,6934,Atraso por Manutenção,Média,5219.33,22.1
644,6939,Atraso por Manutenção,Baixa,1388.46,1.8
645,7002,Avaria,Alta,23639.79,81.0
646,7012,Avaria,Baixa,535.57,3.7
647,7041,Atraso por Manutenção,Baixa,647.18,4.5
648,7047,Atraso por Manutenção,Baixa,882.35,2.8
649,7049,Avaria,Baixa,293.27,4.4
650,7052,Sinistro,Média,5206.15,6.1
651,7065,Atraso por Manutenção,Baixa,1055.03,2.8
652,7078,Sinistro,Baixa,1305.18,4.8
653,7079,Atraso por Manutenção,Baixa,1249.41,6.0
654,7082,Avaria,Baixa,595.25,3.1
655,7118,Sinistro,Baixa,1433.15,2.9
656,7119,Avaria,Média,3716.5,14.5
657,7123,Avaria,Alta,19057.87,51.6
658,7133,Atraso por Manutenção,Alta,17521.01,57.9
659,7151,Avaria,Média,5518.6,10.1
660,7170,Atraso por Manutenção,Baixa,708.17,5.9
661,7181,Avaria,Baixa,747.94,5.8
662,7220,Avaria,Baixa,803.33,3.7
663,7228,Avaria,Alta,21232.22,74.0
664,7240,Avaria,Média,4481.08,20.5
665,7267,Sinistro,Alta,18750.29,83.6
666,7269,Sinistro,Alta,15255.01,71.1
667,7285,Atraso por Manutenção,Alta,6124.87,30.6
668,7297,Atraso por Manutenção,Baixa,498.35,5.0
669,7300,Avaria,Baixa,699.59,2.8
670,7311,Avaria,Baixa,1188.26,2.7
671,7314,Avaria,Baixa,1141.86,2.2
672,7315,Atraso por Manutenção,Baixa,858.62,4.2
673,7317,Avaria,Baixa,259.43,4.6
674,7321,Avaria,Baixa,831.8,1.7
675,7362,Atraso por Manutenção,Média,5969.8,16.5
676,7365,Atraso por Manutenção,Baixa,1288.21,4.4
677,7374,Avaria,Média,3981.39,13.0
678,7377,Avaria,Média,3609.24,21.0
679,7393,Atraso por Manutenção,Baixa,801.08,4.2
680,7396,Atraso por Manutenção,Alta,21363.1,44.6
681,7408,Avaria,Baixa,1498.33,3.1
682,7422,Avaria,Baixa,1198.16,3.7
683,7425,Avaria,Baixa,742.33,2.5
684,7433,Atraso por Manutenção,Alta,11313.89,52.4
685,7459,Avaria,Baixa,846.39,3.7
686,7460,Atraso por Manutenção,Média,3445.85,21.4
687,7464,Avaria,Baixa,205.16,2.5
688,7475,Sinistro,Média,5880.27,13.3
689,7484,Avaria,Baixa,1369.68,2.2
690,7485,Atraso por Manutenção,Média,1995.35,13.7
691,7506,Atraso por Manutenção,Média,4306.19,16.3
692,7517,Avaria,Baixa,1007.04,3.8
693,7531,Avaria,Baixa,1005.75,2.9
694,7548,Sinistro,Baixa,705.54,2.2
695,7551,Avaria,Alta,7066.26,28.4
696,7571,Avaria,Baixa,1004.86,2.2
697,7593,Avaria,Média,2150.64,13.1
698,7597,Avaria,Média,5617.95,9.7
699,7603,Sinistro,Alta,15706.67,38.2
700,7605,Atraso por Manutenção,Baixa,581.57,3.4
701,7610,Sinistro,Média,2630.58,10.5
702,7620,Sinistro,Média,4990.2,22.6
703,7635,Atraso por Manutenção,Baixa,626.9,3.3
704,7666,Avaria,Baixa,1148.7,1.8
705,7675,Avaria,Baixa,379.21,4.4
706,7681,Atraso por Manutenção,Baixa,1449.48,3.4
707,7683,Avaria,Baixa,1442.32,3.0
708,7686,Avaria,Baixa,1177.28,5.6
709,7688,Avaria,Média,5449.1,21.3
710,7697,Avaria,Baixa,610.92,1.5
711,7718,Atraso por Manutenção,Baixa,1129.12,2.3
712,7728,Avaria,Alta,19949.47,89.6
713,7740,Avaria,Baixa,296.03,2.7
714,7741,Atraso por Manutenção,Média,3680.32,12.6
715,7751,Sinistro,Alta,20644.24,74.3
716,7760,Avaria,Baixa,214.59,5.4
717,7782,Avaria,Baixa,1098.54,4.4
718,7789,Avaria,Média,5681.72,16.2
719,7816,Atraso por Manutenção,Baixa,1308.13,4.3
720,7817,Avaria,Alta,22955.68,88.0
721,7824,Atraso por Manutenção,Média,3475.16,18.0
722,7827,Avaria,Média,5760.18,22.0
723,7828,Sinistro,Média,1674.31,17.9
724,7830,Avaria,Média,2590.44,6.1
725,7839,Avaria,Baixa,1324.84,4.4
726,7840,Atraso por Manutenção,Média,5838.68,13.5
727,7843,Sinistro,Baixa,1300.29,5.5
728,7844,Avaria,Baixa,918.7,4.6
729,7846,Atraso por Manutenção,Alta,22173.83,51.7
730,7858,Avaria,Média,3391.76,13.9
731,7860,Atraso por Manutenção,Baixa,635.5,5.6
732,7862,Sinistro,Baixa,322.12,5.7
733,7878,Avaria,Alta,23114.79,54.7
734,7880,Avaria,Baixa,1101.88,2.8
735,7889,Avaria,Baixa,952.22,1.1
736,7921,Avaria,Baixa,1198.66,3.6
737,7922,Sinistro,Baixa,1132.73,2.2
738,7932,Atraso por Manutenção,Média,5944.38,9.5
739,7965,Avaria,Baixa,646.97,4.8
740,7975,Avaria,Baixa,1159.79,3.5
741,7977,Avaria,Média,2544.0,7.3
742,7990,Avaria,Alta,10893.78,57.6
743,7997,Sinistro,Média,4647.13,16.4
744,8002,Avaria,Alta,12887.47,31.7
745,8023,Avaria,Média,2296.2,7.9
746,8033,Avaria,Baixa,433.51,3.8
747,8034,Atraso por Manutenção,Média,1736.38,24.0
748,8052,Atraso por Manutenção,Baixa,625.28,1.6
749,8059,Atraso por Manutenção,Média,2606.19,16.0
750,8060,Avaria,Baixa,745.65,4.4
751,8070,Avaria,Média,1992.52,7.9
752,8072,Avaria,Média,2809.72,19.8
753,8085,Avaria,Baixa,851.11,4.9
754,8089,Avaria,Baixa,761.56,5.1
755,8143,Sinistro,Baixa,674.11,5.2
756,8144,Avaria,Média,1967.63,18.6
757,8167,Atraso por Manutenção,Alta,24942.15,48.5
758,8172,Avaria,Média,2145.33,14.9
759,8181,Atraso por Manutenção,Alta,24911.59,77.7
760,8191,Atraso por Manutenção,Baixa,992.3,2.5
761,8219,Avaria,Baixa,315.7,5.6
762,8242,Avaria,Baixa,335.02,2.9
763,8248,Avaria,Alta,12814.46,95.0
764,8256,Atraso por Manutenção,Baixa,1160.87,4.7
765,8258,Sinistro,Baixa,1100.97,1.5
766,8278,Avaria,Baixa,1398.39,2.7
767,8282,Sinistro,Média,1793.47,14.4
768,8286,Sinistro,Média,3249.42,18.5
769,8305,Avaria,Baixa,1201.54,1.2
770,8325,Avaria,Baixa,818.61,1.6
771,8330,Avaria,Média,2827.55,13.2
772,8332,Avaria,Baixa,918.78,4.1
773,8336,Atraso por Manutenção,Média,3350.63,15.5
774,8340,Avaria,Média,3411.59,18.5
775,8354,Avaria,Baixa,665.94,2.6
776,8375,Avaria,Baixa,751.01,4.4
777,8383,Sinistro,Média,5756.33,23.3
778,8401,Atraso por Manutenção,Baixa,307.25,5.9
779,8411,Avaria,Baixa,1151.94,1.7
780,8413,Sinistro,Média,5662.52,16.3
781,8422,Sinistro,Baixa,932.18,1.7
782,8430,Sinistro,Baixa,1174.41,4.4
783,8444,Avaria,Baixa,570.89,3.3
784,8446,Sinistro,Alta,13209.8,66.5
785,8466,Atraso por Manutenção,Baixa,472.22,3.8
786,8473,Atraso por Manutenção,Baixa,1428.26,5.1
787,8495,Sinistro,Média,5719.6,11.1
788,8521,Avaria,Baixa,667.53,5.1
789,8532,Atraso por Manutenção,Média,4043.6,14.8
790,8544,Atraso por Manutenção,Baixa,278.3,1.9
791,8557,Avaria,Média,1887.01,11.2
792,8567,Sinistro,Alta,9696.22,82.3
793,8569,Sinistro,Baixa,1293.08,4.9
794,8579,Avaria,Alta,16666.16,50.6
795,8581,Sinistro,Média,3224.67,23.1
796,8582,Sinistro,Média,5470.24,14.0
797,8598,Sinistro,Média,2883.48,13.5
798,8600,Atraso por Manutenção,Média,5950.72,11.9
799,8625,Sinistro,Baixa,1171.35,1.4
800,8626,Avaria,Baixa,943.95,1.5
801,8676,Sinistro,Média,1981.76,9.9
802,8682,Avaria,Baixa,1014.08,2.1
803,8705,Avaria,Baixa,805.06,5.6
804,8707,Atraso por Manutenção,Baixa,469.13,5.6
805,8725,Avaria,Média,5573.05,14.2
806,8726,Atraso por Manutenção,Alta,8682.38,46.6
807,8730,Avaria,Baixa,1257.64,4.1
808,8732,Sinistro,Média,3237.14,21.6
809,8748,Atraso por Manutenção,Baixa,535.26,1.5
810,8763,Avaria,Baixa,1268.06,1.2
811,8821,Sinistro,Baixa,1002.38,1.7
812,8838,Avaria,Baixa,934.17,5.1
813,8857,Avaria,Baixa,616.45,3.8
814,8876,Sinistro,Baixa,683.36,3.8
815,8879,Atraso por Manutenção,Média,4381.34,22.3
816,8885,Atraso por Manutenção,Baixa,548.91,2.5
817,8892,Avaria,Média,2247.76,20.9
818,8899,Avaria,Média,2134.37,7.0
819,8904,Sinistro,Alta,12990.1,78.2
820,8911,Sinistro,Baixa,231.71,5.0
821,8923,Atraso por Manutenção,Média,3350.03,19.3
822,8926,Avaria,Baixa,1415.88,3.8
823,8930,Atraso por Manutenção,Baixa,1048.14,2.9
824,8933,Avaria,Média,3386.95,10.4
825,8934,Avaria,Média,3130.61,15.2
826,8938,Avaria,Baixa,676.02,2.9
827,8952,Sinistro,Baixa,867.35,1.8
828,8959,Avaria,Baixa,903.02,5.7
829,8964,Avaria,Alta,17996.0,92.4
830,8976,Sinistro,Baixa,546.41,4.8
831,8978,Avaria,Baixa,286.92,5.0
832,8998,Avaria,Média,2327.5,22.5
833,9011,Atraso por Manutenção,Baixa,558.56,4.3
834,9015,Atraso por Manutenção,Média,5998.49,14.6
835,9032,Avaria,Alta,14483.3,89.3
836,9052,Avaria,Média,3821.23,20.5
837,9060,Avaria,Baixa,1061.6,4.8
838,9069,Sinistro,Média,3213.44,15.1
839,9077,Avaria,Média,5757.56,21.2
840,9086,Atraso por Manutenção,Alta,11300.14,72.5
841,9087,Avaria,Média,4488.15,22.0
842,9089,Atraso por Manutenção,Baixa,1016.83,1.7
843,9104,Sinistro,Baixa,217.92,5.8
844,9133,Avaria,Baixa,1160.49,1.4
845,9139,Avaria,Baixa,993.23,3.5
846,9163,Avaria,Média,2866.37,13.1
847,9174,Atraso por Manutenção,Baixa,270.35,4.0
848,9185,Avaria,Média,1692.15,12.8
849,9209,Avaria,Média,4979.54,16.3
850,9213,Atraso por Manutenção,Média,3286.31,17.7
851,9219,Atraso por Manutenção,Média,2305.24,12.9
852,9228,Avaria,Baixa,1342.98,5.6
853,9230,Avaria,Média,1802.09,21.7
854,9234,Atraso por Manutenção,Baixa,423.73,2.3
855,9235,Avaria,Baixa,969.45,2.7
856,9241,Atraso por Manutenção,Baixa,910.38,1.8
857,9246,Avaria,Alta,18855.76,42.0
858,9249,Avaria,Alta,12244.34,37.0
859,9255,Atraso por Manutenção,Média,3358.54,10.4
860,9262,Sinistro,Baixa,1216.27,3.6
861,9267,Atraso por Manutenção,Alta,18921.65,87.2
862,9291,Avaria,Baixa,512.55,1.9
863,9319,Avaria,Média,5658.52,16.6
864,9320,Atraso por Manutenção,Alta,17406.08,25.2
865,9326,Avaria,Baixa,374.61,4.0
866,9330,Sinistro,Baixa,248.45,4.7
867,9338,Avaria,Baixa,908.8,4.8
